<?xml version = '1.0' encoding = 'UTF-8'?>
<Relation class="oracle.dbtools.crest.model.design.logical.Relation" name="Has Roster" directorySegmentName="seg_0" id="3259D2C7-3749-9E42-D7DD-242D837AA96A">
<createdBy>rasu</createdBy>
<createdTime>2016-09-09 02:28:35 UTC</createdTime>
<ownerDesignName>CollSchd DM</ownerDesignName>
<engineerTo>
<item key="63979DD1-A9C6-6644-E3AA-66B63D852DFF" value="true"/>
</engineerTo>
<sourcePk>7B0F1128-7471-B94D-4E03-980E078420FA</sourcePk>
<identifying>true</identifying>
<optionalSource>false</optionalSource>
<optionalTarget>false</optionalTarget>
<sourceCardinality>1</sourceCardinality>
<sourceEntity>BB86744F-72ED-F3B7-33A1-70A5DF068E25</sourceEntity>
<targetCardinalityString>*</targetCardinalityString>
<targetEntity>17F20A18-1218-AF22-19D2-1C43AB1769DA</targetEntity>
<transferable>true</transferable>
<deleteRule>NO ACTION</deleteRule>
</Relation>