<?xml version = '1.0' encoding = 'UTF-8'?>
<Entity class="oracle.dbtools.crest.model.design.logical.Entity" directorySegmentName="seg_0" id="7E7ECA3F-CEA7-116A-CB2B-8E20FCD135BE" name="STUD">
<createdBy>rasu</createdBy>
<createdTime>2016-09-09 02:07:02 UTC</createdTime>
<ownerDesignName>CollSchd DM</ownerDesignName>
<engineerTo>
<item key="63979DD1-A9C6-6644-E3AA-66B63D852DFF" value="true"/>
</engineerTo>
<adequatelyNormalized>NO</adequatelyNormalized>
<expectedVolumes>0</expectedVolumes>
<fwdEngineeringStrategyName>Single Table</fwdEngineeringStrategyName>
<growthPercent>0</growthPercent>
<growthType>Year</growthType>
<maxVolumes>9999999</maxVolumes>
<minVolumes>0</minVolumes>
<normalForm>Third</normalForm>
<attributes itemClass="oracle.dbtools.crest.model.design.logical.Attribute">
<Attribute name="STUD_ID" id="D7AB3A41-6480-E9BB-C78B-3196EECB8BB2">
<createdBy>rasu</createdBy>
<createdTime>2016-09-09 02:07:09 UTC</createdTime>
<ownerDesignName>CollSchd DM</ownerDesignName>
<engineerTo>
<item key="63979DD1-A9C6-6644-E3AA-66B63D852DFF" value="true"/>
</engineerTo>
<useDomainConstraints>false</useDomainConstraints>
<use>1</use>
<logicalDatatype>LOGDT025</logicalDatatype>
<dataTypeSize>6</dataTypeSize>
<ownDataTypeParameters>6,,</ownDataTypeParameters>
</Attribute>
<Attribute name="STUD_FNAM" id="5DBE2043-E176-4823-591E-5AFABF7C8CA0">
<createdBy>rasu</createdBy>
<createdTime>2016-09-09 02:07:33 UTC</createdTime>
<ownerDesignName>CollSchd DM</ownerDesignName>
<engineerTo>
<item key="63979DD1-A9C6-6644-E3AA-66B63D852DFF" value="true"/>
</engineerTo>
<nullsAllowed>true</nullsAllowed>
<useDomainConstraints>false</useDomainConstraints>
<use>1</use>
<logicalDatatype>LOGDT024</logicalDatatype>
<dataTypeSize>8</dataTypeSize>
<ownDataTypeParameters>8,,</ownDataTypeParameters>
</Attribute>
<Attribute name="STUD_MINI" id="68EF8DE9-030F-EE4B-6B9E-48B174B0C03C">
<createdBy>rasu</createdBy>
<createdTime>2016-09-09 02:07:49 UTC</createdTime>
<ownerDesignName>CollSchd DM</ownerDesignName>
<engineerTo>
<item key="63979DD1-A9C6-6644-E3AA-66B63D852DFF" value="true"/>
</engineerTo>
<nullsAllowed>true</nullsAllowed>
<useDomainConstraints>false</useDomainConstraints>
<use>1</use>
<logicalDatatype>LOGDT025</logicalDatatype>
<dataTypeSize>1</dataTypeSize>
<ownDataTypeParameters>1,,</ownDataTypeParameters>
</Attribute>
<Attribute name="STUD_LNAM" id="5299BE59-4DBD-70FE-30AF-C87656BBCB83">
<createdBy>rasu</createdBy>
<createdTime>2016-09-09 02:08:30 UTC</createdTime>
<ownerDesignName>CollSchd DM</ownerDesignName>
<engineerTo>
<item key="63979DD1-A9C6-6644-E3AA-66B63D852DFF" value="true"/>
</engineerTo>
<nullsAllowed>true</nullsAllowed>
<useDomainConstraints>false</useDomainConstraints>
<use>1</use>
<logicalDatatype>LOGDT024</logicalDatatype>
<dataTypeSize>12</dataTypeSize>
<ownDataTypeParameters>12,,</ownDataTypeParameters>
</Attribute>
<Attribute name="STUD_HI_DEG" id="E2CD17C1-A7D2-9985-2FE9-CD8E21EC4465">
<createdBy>rasu</createdBy>
<createdTime>2016-09-09 02:08:49 UTC</createdTime>
<ownerDesignName>CollSchd DM</ownerDesignName>
<engineerTo>
<item key="63979DD1-A9C6-6644-E3AA-66B63D852DFF" value="true"/>
</engineerTo>
<nullsAllowed>true</nullsAllowed>
<useDomainConstraints>false</useDomainConstraints>
<use>1</use>
<logicalDatatype>LOGDT025</logicalDatatype>
<dataTypeSize>4</dataTypeSize>
<ownDataTypeParameters>4,,</ownDataTypeParameters>
</Attribute>
<Attribute name="STUD_YR_LVL" id="D174F31B-EE32-817A-EB82-0B41B596264A">
<createdBy>rasu</createdBy>
<createdTime>2016-09-09 02:09:27 UTC</createdTime>
<ownerDesignName>CollSchd DM</ownerDesignName>
<engineerTo>
<item key="63979DD1-A9C6-6644-E3AA-66B63D852DFF" value="true"/>
</engineerTo>
<nullsAllowed>true</nullsAllowed>
<useDomainConstraints>false</useDomainConstraints>
<use>1</use>
<logicalDatatype>LOGDT025</logicalDatatype>
<dataTypeSize>2</dataTypeSize>
<ownDataTypeParameters>2,,</ownDataTypeParameters>
</Attribute>
<Attribute name="STUD_COLL_GPA" id="ABD5D090-7BE0-3528-3423-CE059DDED8F2">
<createdBy>rasu</createdBy>
<createdTime>2016-09-09 02:10:29 UTC</createdTime>
<ownerDesignName>CollSchd DM</ownerDesignName>
<engineerTo>
<item key="63979DD1-A9C6-6644-E3AA-66B63D852DFF" value="true"/>
</engineerTo>
<nullsAllowed>true</nullsAllowed>
<useDomainConstraints>false</useDomainConstraints>
<use>1</use>
<logicalDatatype>LOGDT026</logicalDatatype>
<dataTypePrecision>3</dataTypePrecision>
<dataTypeScale>2</dataTypeScale>
<ownDataTypeParameters>,3,2</ownDataTypeParameters>
</Attribute>
<Attribute name="STUD_COLL_SDAT" id="522FC88C-7E25-7826-615C-9809FF469E03">
<createdBy>rasu</createdBy>
<createdTime>2016-09-09 02:11:05 UTC</createdTime>
<ownerDesignName>CollSchd DM</ownerDesignName>
<engineerTo>
<item key="63979DD1-A9C6-6644-E3AA-66B63D852DFF" value="true"/>
</engineerTo>
<nullsAllowed>true</nullsAllowed>
<useDomainConstraints>false</useDomainConstraints>
<use>1</use>
<logicalDatatype>LOGDT008</logicalDatatype>
<ownDataTypeParameters>,,</ownDataTypeParameters>
</Attribute>
<Attribute name="STUD_FIN_AID" id="82ADFC15-7F0A-578A-E069-E32E6184C4B1">
<createdBy>rasu</createdBy>
<createdTime>2016-09-09 02:12:28 UTC</createdTime>
<ownerDesignName>CollSchd DM</ownerDesignName>
<engineerTo>
<item key="63979DD1-A9C6-6644-E3AA-66B63D852DFF" value="true"/>
</engineerTo>
<nullsAllowed>true</nullsAllowed>
<useDomainConstraints>false</useDomainConstraints>
<use>1</use>
<logicalDatatype>LOGDT044</logicalDatatype>
<ownDataTypeParameters>,,</ownDataTypeParameters>
</Attribute>
<Attribute name="STUD_SCHO_SHIP" id="29A14B3B-B280-CE4D-98AC-F6944C3BE947">
<createdBy>rasu</createdBy>
<createdTime>2016-09-09 02:12:46 UTC</createdTime>
<ownerDesignName>CollSchd DM</ownerDesignName>
<engineerTo>
<item key="63979DD1-A9C6-6644-E3AA-66B63D852DFF" value="true"/>
</engineerTo>
<nullsAllowed>true</nullsAllowed>
<useDomainConstraints>false</useDomainConstraints>
<use>1</use>
<logicalDatatype>LOGDT044</logicalDatatype>
<ownDataTypeParameters>,,</ownDataTypeParameters>
</Attribute>
</attributes>
<identifiers itemClass="oracle.dbtools.crest.model.design.logical.CandidateKey">
<identifier id="C5F4C78A-2718-01DC-15A5-02B75B145BD6" name="STUD PK">
<createdBy>rasu</createdBy>
<createdTime>2016-09-09 02:07:32 UTC</createdTime>
<ownerDesignName>CollSchd DM</ownerDesignName>
<engineerTo>
<item key="63979DD1-A9C6-6644-E3AA-66B63D852DFF" value="true"/>
</engineerTo>
<pk>true</pk>
<usedAttributes>
<attributeRef>D7AB3A41-6480-E9BB-C78B-3196EECB8BB2</attributeRef>
</usedAttributes>
</identifier>
</identifiers>
</Entity>